-- =====================================================
-- BACKUP BASE DE DATOS DESARROLLO - Real Estate API
-- Fecha: 2025-12-11
-- =====================================================

-- Limpiar tablas existentes (en orden correcto por foreign keys)
TRUNCATE TABLE "Reservations" CASCADE;
TRUNCATE TABLE "PropertyTraces" CASCADE;
TRUNCATE TABLE "PropertyImages" CASCADE;
TRUNCATE TABLE "Properties" CASCADE;
TRUNCATE TABLE "Owners" CASCADE;

-- =====================================================
-- OWNERS (5 registros)
-- =====================================================
INSERT INTO "Owners" ("IdOwner", "Name", "Address", "Photo", "Birthday", "CreatedAt", "UpdatedAt") VALUES
('11111111-1111-1111-1111-111111111111', 'María Fernanda López', 'Carrera 43A #1-50, El Poblado, Medellín', 'https://images.unsplash.com/photo-1573496359142-b8d87734a5a2?w=400', '1978-03-15 00:00:00+00', '2025-12-11 17:58:01.549349+00', '2025-12-11 17:58:01.549349+00'),
('22222222-2222-2222-2222-222222222222', 'Carlos Alberto Restrepo', 'Calle 10 #40-20, Laureles, Medellín', 'https://images.unsplash.com/photo-1507003211169-0a1dd7228f2d?w=400', '1965-08-22 00:00:00+00', '2025-12-11 17:58:01.549349+00', '2025-12-11 17:58:01.549349+00'),
('33333333-3333-3333-3333-333333333333', 'Ana María Gómez', 'Carrera 25 #2-15, Envigado, Antioquia', 'https://images.unsplash.com/photo-1580489944761-15a19d654956?w=400', '1982-11-08 00:00:00+00', '2025-12-11 17:58:01.549349+00', '2025-12-11 17:58:01.549349+00'),
('44444444-4444-4444-4444-444444444444', 'Inversiones Antioquia S.A.S.', 'Calle 7 #42-30, El Poblado, Medellín', 'https://images.unsplash.com/photo-1560179707-f14e90ef3623?w=400', '2010-01-01 00:00:00+00', '2025-12-11 17:58:01.549349+00', '2025-12-11 17:58:01.549349+00'),
('55555555-5555-5555-5555-555555555555', 'Juan Pablo Mejía', 'Carrera 65 #48A-10, Estadio, Medellín', 'https://images.unsplash.com/photo-1472099645785-5658abf4ff4e?w=400', '1975-05-20 00:00:00+00', '2025-12-11 17:58:01.549349+00', '2025-12-11 17:58:01.549349+00');

-- =====================================================
-- PROPERTIES (11 registros)
-- =====================================================
INSERT INTO "Properties" ("IdProperty", "Name", "Address", "Price", "CodeInternal", "Year", "IdOwner", "CreatedAt", "UpdatedAt") VALUES
('aaaa1111-1111-1111-1111-111111111111', 'Penthouse en El Poblado', 'Carrera 34 #7-20, El Poblado, Medellín', 2850000000.00, 'PH-EPO-001', 2022, '11111111-1111-1111-1111-111111111111', '2025-12-11 17:58:33.796207+00', '2025-12-11 17:58:33.796207+00'),
('aaaa2222-2222-2222-2222-222222222222', 'Apartamento en Provenza', 'Calle 9 #43B-15, Provenza, Medellín', 1450000000.00, 'AP-PRV-002', 2021, '11111111-1111-1111-1111-111111111111', '2025-12-11 17:58:33.796207+00', '2025-12-11 17:58:33.796207+00'),
('aaaa3333-3333-3333-3333-333333333333', 'Casa Campestre en Las Palmas', 'Kilómetro 8 Vía Las Palmas, Medellín', 3200000000.00, 'CC-LPM-003', 2019, '22222222-2222-2222-2222-222222222222', '2025-12-11 17:58:33.796207+00', '2025-12-11 17:58:33.796207+00'),
('aaaa4444-4444-4444-4444-444444444444', 'Apartamento en Laureles', 'Circular 3 #70-45, Laureles, Medellín', 680000000.00, 'AP-LAU-004', 2018, '22222222-2222-2222-2222-222222222222', '2025-12-11 17:58:33.796207+00', '2025-12-11 17:58:33.796207+00'),
('aaaa5555-5555-5555-5555-555555555555', 'Casa en Envigado', 'Carrera 43A #38S-25, Envigado, Antioquia', 950000000.00, 'CA-ENV-005', 2020, '33333333-3333-3333-3333-333333333333', '2025-12-11 17:58:33.796207+00', '2025-12-11 17:58:33.796207+00'),
('aaaa6666-6666-6666-6666-666666666666', 'Apartamento en Sabaneta', 'Calle 77Sur #43A-10, Sabaneta, Antioquia', 420000000.00, 'AP-SAB-006', 2023, '33333333-3333-3333-3333-333333333333', '2025-12-11 17:58:33.796207+00', '2025-12-11 17:58:33.796207+00'),
('aaaa7777-7777-7777-7777-777777777777', 'Oficina en Ciudad del Río', 'Carrera 48 #12-70, Ciudad del Río, Medellín', 890000000.00, 'OF-CDR-007', 2021, '44444444-4444-4444-4444-444444444444', '2025-12-11 17:58:33.796207+00', '2025-12-11 17:58:33.796207+00'),
('aaaa8888-8888-8888-8888-888888888888', 'Local Comercial en El Tesoro', 'Centro Comercial El Tesoro, El Poblado, Medellín', 1650000000.00, 'LC-TES-008', 2020, '44444444-4444-4444-4444-444444444444', '2025-12-11 17:58:33.796207+00', '2025-12-11 17:58:33.796207+00'),
('aaaa9999-9999-9999-9999-999999999999', 'Apartamento Estadio', 'Carrera 70 #44-15, Estadio, Medellín', 520000000.00, 'AP-EST-009', 2017, '55555555-5555-5555-5555-555555555555', '2025-12-11 17:58:33.796207+00', '2025-12-11 17:58:33.796207+00'),
('aaaabbbb-bbbb-bbbb-bbbb-bbbbbbbbbbbb', 'Loft en Manila', 'Calle 10 #38-30, Manila, Medellín', 380000000.00, 'LF-MAN-010', 2022, '55555555-5555-5555-5555-555555555555', '2025-12-11 17:58:33.796207+00', '2025-12-11 17:58:33.796207+00'),
('abe6f75c-cae4-4bcc-a5c1-434cbadbb525', 'prueba', 'fdsfdsf', 2222222.00, 'SDFDSF', 2024, '22222222-2222-2222-2222-222222222222', '2025-12-11 22:32:27.055+00', '2025-12-11 22:41:04.267+00');

-- =====================================================
-- PROPERTY IMAGES (22 registros)
-- =====================================================
INSERT INTO "PropertyImages" ("IdPropertyImage", "IdProperty", "File", "Enabled", "CreatedAt") VALUES
('b1111111-1111-1111-1111-111111111111', 'aaaa1111-1111-1111-1111-111111111111', 'https://images.unsplash.com/photo-1600596542815-ffad4c1539a9?w=800', true, '2025-12-11 18:00:04.824028+00'),
('b1111111-2222-1111-1111-111111111111', 'aaaa1111-1111-1111-1111-111111111111', 'https://images.unsplash.com/photo-1600607687939-ce8a6c25118c?w=800', true, '2025-12-11 18:00:04.824028+00'),
('b1111111-3333-1111-1111-111111111111', 'aaaa1111-1111-1111-1111-111111111111', 'https://images.unsplash.com/photo-1502672260266-1c1ef2d93688?w=800', true, '2025-12-11 18:00:04.824028+00'),
('b2222222-1111-2222-2222-222222222222', 'aaaa2222-2222-2222-2222-222222222222', 'https://images.unsplash.com/photo-1560448204-e02f11c3d0e2?w=800', true, '2025-12-11 18:00:04.824028+00'),
('b2222222-2222-2222-2222-222222222222', 'aaaa2222-2222-2222-2222-222222222222', 'https://images.unsplash.com/photo-1484154218962-a197022b5858?w=800', true, '2025-12-11 18:00:04.824028+00'),
('b3333333-1111-3333-3333-333333333333', 'aaaa3333-3333-3333-3333-333333333333', 'https://images.unsplash.com/photo-1613490493576-7fde63acd811?w=800', true, '2025-12-11 18:00:04.824028+00'),
('b3333333-2222-3333-3333-333333333333', 'aaaa3333-3333-3333-3333-333333333333', 'https://images.unsplash.com/photo-1600585154340-be6161a56a0c?w=800', true, '2025-12-11 18:00:04.824028+00'),
('b3333333-3333-3333-3333-333333333333', 'aaaa3333-3333-3333-3333-333333333333', 'https://images.unsplash.com/photo-1600566753086-00f18fb6b3ea?w=800', true, '2025-12-11 18:00:04.824028+00'),
('b4444444-1111-4444-4444-444444444444', 'aaaa4444-4444-4444-4444-444444444444', 'https://images.unsplash.com/photo-1522708323590-d24dbb6b0267?w=800', true, '2025-12-11 18:00:04.824028+00'),
('b4444444-2222-4444-4444-444444444444', 'aaaa4444-4444-4444-4444-444444444444', 'https://images.unsplash.com/photo-1560185127-6ed189bf02f4?w=800', true, '2025-12-11 18:00:04.824028+00'),
('b5555555-1111-5555-5555-555555555555', 'aaaa5555-5555-5555-5555-555555555555', 'https://images.unsplash.com/photo-1583608205776-bfd35f0d9f83?w=800', true, '2025-12-11 18:00:04.824028+00'),
('b5555555-2222-5555-5555-555555555555', 'aaaa5555-5555-5555-5555-555555555555', 'https://images.unsplash.com/photo-1600047509807-ba8f99d2cdde?w=800', true, '2025-12-11 18:00:04.824028+00'),
('b6666666-1111-6666-6666-666666666666', 'aaaa6666-6666-6666-6666-666666666666', 'https://images.unsplash.com/photo-1512917774080-9991f1c4c750?w=800', true, '2025-12-11 18:00:04.824028+00'),
('b6666666-2222-6666-6666-666666666666', 'aaaa6666-6666-6666-6666-666666666666', 'https://images.unsplash.com/photo-1493809842364-78817add7ffb?w=800', true, '2025-12-11 18:00:04.824028+00'),
('b7777777-1111-7777-7777-777777777777', 'aaaa7777-7777-7777-7777-777777777777', 'https://images.unsplash.com/photo-1497366216548-37526070297c?w=800', true, '2025-12-11 18:00:04.824028+00'),
('b7777777-2222-7777-7777-777777777777', 'aaaa7777-7777-7777-7777-777777777777', 'https://images.unsplash.com/photo-1497366754035-f200968a6e72?w=800', true, '2025-12-11 18:00:04.824028+00'),
('b8888888-1111-8888-8888-888888888888', 'aaaa8888-8888-8888-8888-888888888888', 'https://images.unsplash.com/photo-1441986300917-64674bd600d8?w=800', true, '2025-12-11 18:00:04.824028+00'),
('b8888888-2222-8888-8888-888888888888', 'aaaa8888-8888-8888-8888-888888888888', 'https://images.unsplash.com/photo-1604719312566-8912e9227c6a?w=800', true, '2025-12-11 18:00:04.824028+00'),
('b9999999-1111-9999-9999-999999999999', 'aaaa9999-9999-9999-9999-999999999999', 'https://images.unsplash.com/photo-1502672023488-70e25813eb80?w=800', true, '2025-12-11 18:00:04.824028+00'),
('b9999999-2222-9999-9999-999999999999', 'aaaa9999-9999-9999-9999-999999999999', 'https://images.unsplash.com/photo-1560185007-c5ca9d2c014d?w=800', true, '2025-12-11 18:00:04.824028+00'),
('baaabbbb-1111-bbbb-bbbb-bbbbbbbbbbbb', 'aaaabbbb-bbbb-bbbb-bbbb-bbbbbbbbbbbb', 'https://images.unsplash.com/photo-1536376072261-38c75010e6c9?w=800', true, '2025-12-11 18:00:04.824028+00'),
('baaabbbb-2222-bbbb-bbbb-bbbbbbbbbbbb', 'aaaabbbb-bbbb-bbbb-bbbb-bbbbbbbbbbbb', 'https://images.unsplash.com/photo-1554995207-c18c203602cb?w=800', true, '2025-12-11 18:00:04.824028+00');

-- =====================================================
-- PROPERTY TRACES (6 registros)
-- =====================================================
INSERT INTO "PropertyTraces" ("IdPropertyTrace", "IdProperty", "DateSale", "Name", "Value", "Tax", "CreatedAt") VALUES
('c1111111-1111-1111-1111-111111111111', 'aaaa1111-1111-1111-1111-111111111111', '2022-06-15 00:00:00+00', 'Precio inicial', 2500000000.00, 475000000.00, '2025-12-11 18:00:34.887924+00'),
('c1111111-2222-1111-1111-111111111111', 'aaaa1111-1111-1111-1111-111111111111', '2024-01-10 00:00:00+00', 'Ajuste por valorización', 2850000000.00, 541500000.00, '2025-12-11 18:00:34.887924+00'),
('c3333333-1111-3333-3333-333333333333', 'aaaa3333-3333-3333-3333-333333333333', '2019-03-20 00:00:00+00', 'Precio inicial', 2800000000.00, 532000000.00, '2025-12-11 18:00:34.887924+00'),
('c3333333-2222-3333-3333-333333333333', 'aaaa3333-3333-3333-3333-333333333333', '2023-08-15 00:00:00+00', 'Remodelación cocina', 3200000000.00, 608000000.00, '2025-12-11 18:00:34.887924+00'),
('c4444444-1111-4444-4444-444444444444', 'aaaa4444-4444-4444-4444-444444444444', '2018-11-01 00:00:00+00', 'Precio inicial', 580000000.00, 110200000.00, '2025-12-11 18:00:34.887924+00'),
('c4444444-2222-4444-4444-444444444444', 'aaaa4444-4444-4444-4444-444444444444', '2023-05-20 00:00:00+00', 'Valorización zona', 680000000.00, 129200000.00, '2025-12-11 18:00:34.887924+00');

-- =====================================================
-- RESERVATIONS (5 registros)
-- =====================================================
INSERT INTO "Reservations" ("IdReservation", "IdProperty", "GuestName", "GuestEmail", "CheckIn", "CheckOut", "Guests", "TotalPrice", "Status", "CreatedAt") VALUES
('d1111111-1111-1111-1111-111111111111', 'aaaa2222-2222-2222-2222-222222222222', 'Roberto García', 'roberto.garcia@email.com', '2025-01-15 00:00:00', '2025-01-20 00:00:00', 2, 2500000.00, 'Confirmada', '2025-12-11 18:00:39.445973'),
('d2222222-2222-2222-2222-222222222222', 'aaaa4444-4444-4444-4444-444444444444', 'Laura Martínez', 'laura.martinez@email.com', '2025-02-01 00:00:00', '2025-02-07 00:00:00', 3, 4200000.00, 'Pendiente', '2025-12-11 18:00:39.445973'),
('d3333333-3333-3333-3333-333333333333', 'aaaa6666-6666-6666-6666-666666666666', 'Andrés Sánchez', 'andres.sanchez@email.com', '2025-01-25 00:00:00', '2025-01-28 00:00:00', 1, 1200000.00, 'Confirmada', '2025-12-11 18:00:39.445973'),
('1d9fc0cb-fe9a-4fab-8623-89114f2110b6', 'aaaa1111-1111-1111-1111-111111111111', 'prueba', 'prueba@prueba.com', '2025-12-11 00:00:00', '2025-12-16 00:00:00', 1, 475000000.00, 'confirmed', '2025-12-11 18:21:08.170165'),
('06b72101-9530-40bd-a9a9-7f7e4af358e8', 'abe6f75c-cae4-4bcc-a5c1-434cbadbb525', 'sdfsdgd', 'dgfdg@gmail.com', '2025-12-11 00:00:00', '2025-12-18 00:00:00', 1, 15555554.00, 'confirmed', '2025-12-11 22:32:52.091');

-- =====================================================
-- FIN DEL BACKUP
-- =====================================================
